captured_date,period_suffix,returned_date,timeframe,genre,chart_type,rank_this_period,rank_last_period,song_id,song_name,album_id,album_name,artist_name,artist_url,song_url,album_url,cover_image_url,release_date_unix,is_album_entry
2026-08-31,2026-06-14,2026-06-14,daily,taiwanese,newrelease,1,1,8mQNYMfgJRsalROxvP,我甘願重新愛過 (Feat.狗柏),,我甘願重新愛過 (Feat.狗柏),洋蔥,https://www.kkbox.com/tw/en/artist/GtqFDx_Fw6HSDdTErn,https://www.kkbox.com/tw/en/song/8mQNYMfgJRsalROxvP,https://www.kkbox.com/tw/en/album/DZik5Wsv1aDjFeZaBL,"https://i.kfs.io/album/global/293565001,0v1/fit/500x500.jpg",1779206400,false
2026-08-31,2026-06-14,2026-06-14,daily,taiwanese,newrelease,2,2,9ZysMs0-s_ZpGgq14i,總有一工,,總有一工,理想混蛋 (Bestards),https://www.kkbox.com/tw/en/artist/9a3hK2_q8L4InZ6yYs,https://www.kkbox.com/tw/en/song/9ZysMs0-s_ZpGgq14i,https://www.kkbox.com/tw/en/album/OnQwDvDOrs6SpziltQ,"https://i.kfs.io/album/global/293519872,0v7/fit/500x500.jpg",1779206400,false
2026-08-31,2026-06-14,2026-06-14,daily,taiwanese,newrelease,3,3,1-aTVABnWDhidcCTVk,講袂出喙的情話,,講袂出喙的情話,許富凱 (Hsu FuKai),https://www.kkbox.com/tw/en/artist/_YFWFTP5N1J1tNGr8Y,https://www.kkbox.com/tw/en/song/1-aTVABnWDhidcCTVk,https://www.kkbox.com/tw/en/album/TYrzs10fOR7QjBtD2b,"https://i.kfs.io/album/global/291369783,0v1/fit/500x500.jpg",1774972800,false
2026-08-31,2026-06-14,2026-06-14,daily,taiwanese,newrelease,4,4,KkWGCRwD5hrtB5KNpA,五月二十一彼暗暝,,五月二十一彼暗暝,李科賜,https://www.kkbox.com/tw/en/artist/GkWKhUZXap2pJoDV2h,https://www.kkbox.com/tw/en/song/KkWGCRwD5hrtB5KNpA,https://www.kkbox.com/tw/en/album/Cqg8J8EBmpvC8Pe-8r,"https://i.kfs.io/album/global/293257336,0v1/fit/500x500.jpg",1779206400,false
2026-08-31,2026-06-14,2026-06-14,daily,taiwanese,newrelease,5,5,0oQ6NQXnhv4OQtNpGj,愛你敢有望（feat. icyball 冰球樂團),,愛你敢有望 (feat. icyball 冰球樂團),許富凱 (Hsu FuKai),https://www.kkbox.com/tw/en/artist/_YFWFTP5N1J1tNGr8Y,https://www.kkbox.com/tw/en/song/0oQ6NQXnhv4OQtNpGj,https://www.kkbox.com/tw/en/album/Ck4YmzhjW4Ta3Eq-yP,"https://i.kfs.io/album/global/292334763,0v1/fit/500x500.jpg",1776355200,false
2026-08-31,2026-06-14,2026-06-14,daily,taiwanese,newrelease,6,6,GklwBIvOnSw3SP11Y7,若是當初無選擇愛你 (feat. 陳志強),,看著光的日子,賴慧如,https://www.kkbox.com/tw/en/artist/4qbpO9uwBSuh3CG6gG,https://www.kkbox.com/tw/en/song/GklwBIvOnSw3SP11Y7,https://www.kkbox.com/tw/en/album/TZaLOeqfIu_YduWOuz,"https://i.kfs.io/album/global/291798486,0v1/fit/500x500.jpg",1775664000,false
2026-08-31,2026-06-14,2026-06-14,daily,taiwanese,newrelease,7,15,SkRyb6e2Fd6eAkDfIl,前世我欠你 - 三立八點檔 百味人生 金曲片頭,,前世我欠你,陳淑萍,https://www.kkbox.com/tw/en/artist/KtmWH9Jnpx6uiVKtBP,https://www.kkbox.com/tw/en/song/SkRyb6e2Fd6eAkDfIl,https://www.kkbox.com/tw/en/album/LZxxpzk-2Z7b1REiZl,"https://i.kfs.io/album/global/293569481,0v1/fit/500x500.jpg",1779206400,false
2026-08-31,2026-06-14,2026-06-14,daily,taiwanese,newrelease,8,7,0rNDlnPx97Udw4TFIa,舊傷,,尪仔物,許富凱 (Hsu FuKai),https://www.kkbox.com/tw/en/artist/_YFWFTP5N1J1tNGr8Y,https://www.kkbox.com/tw/en/song/0rNDlnPx97Udw4TFIa,https://www.kkbox.com/tw/en/album/5YmRfwtXsLpPzZLK7W,"https://i.kfs.io/album/global/292794990,0v4/fit/500x500.jpg",1777392000,false
2026-08-31,2026-06-14,2026-06-14,daily,taiwanese,newrelease,9,18,Ws9i2MsmZsiE8KEh_s,愛你袂孤單 - 三立 戲說台灣 片尾曲,,愛你袂孤單,葉諾帆,https://www.kkbox.com/tw/en/artist/Ctsn2yOex-o4YFHbC1,https://www.kkbox.com/tw/en/song/Ws9i2MsmZsiE8KEh_s,https://www.kkbox.com/tw/en/album/0mE7YZ_rqw4InhSD2d,"https://i.kfs.io/album/global/293577283,0v1/fit/500x500.jpg",1779206400,false
2026-08-31,2026-06-14,2026-06-14,daily,taiwanese,newrelease,10,9,LaHp-P4JzEPTjJ-T65,星伴月 - 民視八點檔 豆腐媽媽 片尾曲,,星伴月,鄔兆邦,https://www.kkbox.com/tw/en/artist/WkWGfRJSIxrixR0V57,https://www.kkbox.com/tw/en/song/LaHp-P4JzEPTjJ-T65,https://www.kkbox.com/tw/en/album/4mIahMBU2kVG4gBdpK,"https://i.kfs.io/album/global/291244443,0v1/fit/500x500.jpg",1774368000,false
2026-08-31,2026-06-14,2026-06-14,daily,taiwanese,newrelease,11,10,Op2BckbQzUmSbzrSaL,甘願一生 (feat. 曾瑋中),,九月初五,郭婷筠,https://www.kkbox.com/tw/en/artist/Csh6Hdo952obVOW_ln,https://www.kkbox.com/tw/en/song/Op2BckbQzUmSbzrSaL,https://www.kkbox.com/tw/en/album/9-ejKmlymwqbIgmiPX,"https://i.kfs.io/album/global/292054331,0v1/fit/500x500.jpg",1776268800,false
2026-08-31,2026-06-14,2026-06-14,daily,taiwanese,newrelease,12,8,LZRflpBsMFHaidM_MA,阮愛你袂起,,九月初五,郭婷筠,https://www.kkbox.com/tw/en/artist/Csh6Hdo952obVOW_ln,https://www.kkbox.com/tw/en/song/LZRflpBsMFHaidM_MA,https://www.kkbox.com/tw/en/album/9-ejKmlymwqbIgmiPX,"https://i.kfs.io/album/global/292054331,0v1/fit/500x500.jpg",1776268800,false
2026-08-31,2026-06-14,2026-06-14,daily,taiwanese,newrelease,13,11,GqLSwdUfHxj7Oj57an,尪仔物,,尪仔物,許富凱 (Hsu FuKai),https://www.kkbox.com/tw/en/artist/_YFWFTP5N1J1tNGr8Y,https://www.kkbox.com/tw/en/song/GqLSwdUfHxj7Oj57an,https://www.kkbox.com/tw/en/album/5YmRfwtXsLpPzZLK7W,"https://i.kfs.io/album/global/292794990,0v4/fit/500x500.jpg",1777392000,false
2026-08-31,2026-06-14,2026-06-14,daily,taiwanese,newrelease,14,21,0rPjlnPx97UdxguSQE,我的心肝寶貝,,尪仔物,許富凱 (Hsu FuKai),https://www.kkbox.com/tw/en/artist/_YFWFTP5N1J1tNGr8Y,https://www.kkbox.com/tw/en/song/0rPjlnPx97UdxguSQE,https://www.kkbox.com/tw/en/album/5YmRfwtXsLpPzZLK7W,"https://i.kfs.io/album/global/292794990,0v4/fit/500x500.jpg",1777392000,false
2026-08-31,2026-06-14,2026-06-14,daily,taiwanese,newrelease,15,12,OnQikPhro9axP6UjuR,自作多情 (台視八點檔《寶島西米樂》片尾曲),,阿彭之聲,彭正,https://www.kkbox.com/tw/en/artist/H_zGyUqX05ZsajrKMZ,https://www.kkbox.com/tw/en/song/OnQikPhro9axP6UjuR,https://www.kkbox.com/tw/en/album/5-VvyCR5FSVSDnoWjj,"https://i.kfs.io/album/global/292698942,0v1/fit/500x500.jpg",1778083200,false
2026-08-31,2026-06-14,2026-06-14,daily,taiwanese,newrelease,16,13,GsTRnpFkZ-QUbAeair,做陣來去看電影,,做陣來去看電影,蕭煌奇 (Ricky Hsiao),https://www.kkbox.com/tw/en/artist/Oqegp822THuFq2XV45,https://www.kkbox.com/tw/en/song/GsTRnpFkZ-QUbAeair,https://www.kkbox.com/tw/en/album/CmFi1c8GAc3pywnkvo,"https://i.kfs.io/album/global/291608321,0v2/fit/500x500.jpg",1775750400,false
2026-08-31,2026-06-14,2026-06-14,daily,taiwanese,newrelease,17,16,_XEUkuUe0EWg_5YraM,無緣痛心肝 - 三立29台八點檔《百味人生》片頭金曲,,無緣痛心肝,一綾,https://www.kkbox.com/tw/en/artist/DaT_KMBJ8qnEsVs7G6,https://www.kkbox.com/tw/en/song/_XEUkuUe0EWg_5YraM,https://www.kkbox.com/tw/en/album/Gp29TE3zWop21fAmKN,"https://i.kfs.io/album/global/291610009,0v1/fit/500x500.jpg",1774972800,false
2026-08-31,2026-06-14,2026-06-14,daily,taiwanese,newrelease,18,22,OmBig5KNTsIBckwQ1i,歌壇 - 三立八點檔 百味人生 片頭曲,,歌壇,張秀卿,https://www.kkbox.com/tw/en/artist/0mJ_kZdjA1bT4FIjCf,https://www.kkbox.com/tw/en/song/OmBig5KNTsIBckwQ1i,https://www.kkbox.com/tw/en/album/Sse2Mh6j-Mm6dC5TQi,"https://i.kfs.io/album/global/291242870,0v1/fit/500x500.jpg",1774368000,false
2026-08-31,2026-06-14,2026-06-14,daily,taiwanese,newrelease,19,14,Gkx5y8vOnSw3QL__Ym,失戀雨袂停,,九月初五,郭婷筠,https://www.kkbox.com/tw/en/artist/Csh6Hdo952obVOW_ln,https://www.kkbox.com/tw/en/song/Gkx5y8vOnSw3QL__Ym,https://www.kkbox.com/tw/en/album/9-ejKmlymwqbIgmiPX,"https://i.kfs.io/album/global/292054331,0v1/fit/500x500.jpg",1776268800,false
2026-08-31,2026-06-14,2026-06-14,daily,taiwanese,newrelease,20,19,PYojTC6iNHxJtdNi6y,紅桃姐姐,,紅桃姐姐,大芭 安苡葳,https://www.kkbox.com/tw/en/artist/HX2fJdKP8cmeGzLI6Q,https://www.kkbox.com/tw/en/song/PYojTC6iNHxJtdNi6y,https://www.kkbox.com/tw/en/album/GlIdAQQAs-18B512i-,"https://i.kfs.io/album/global/290964294,0v1/fit/500x500.jpg",1774454400,false
2026-08-31,2026-06-14,2026-06-14,daily,taiwanese,newrelease,21,37,OtfH6Gnd3DzwZdIVub,貪戀你的心,,感情十字路,廖婉君,https://www.kkbox.com/tw/en/artist/5ZndJcd6-SSccIvqy0,https://www.kkbox.com/tw/en/song/OtfH6Gnd3DzwZdIVub,https://www.kkbox.com/tw/en/album/WqS7x694G8C8m9wKEz,"https://i.kfs.io/album/global/291241380,0v1/fit/500x500.jpg",1774368000,false
2026-08-31,2026-06-14,2026-06-14,daily,taiwanese,newrelease,22,23,HZJbSBdSEYKfnQj_PZ,大家來唱歌 - 三立八點檔”百味人生”片頭曲,,大家來唱歌,洪榮宏 (Jung Hung),https://www.kkbox.com/tw/en/artist/WtDrbdUWvn57VPHwO1,https://www.kkbox.com/tw/en/song/HZJbSBdSEYKfnQj_PZ,https://www.kkbox.com/tw/en/album/XXxDa696EjhjDxbNVU,"https://i.kfs.io/album/global/292970694,0v2/fit/500x500.jpg",1777478400,false
2026-08-31,2026-06-14,2026-06-14,daily,taiwanese,newrelease,23,20,0lDfj_-Hs1XUc7HeYm,愛在黃昏時 - 三立八點檔 百味人生 金曲片尾,,歌壇,張秀卿,https://www.kkbox.com/tw/en/artist/0mJ_kZdjA1bT4FIjCf,https://www.kkbox.com/tw/en/song/0lDfj_-Hs1XUc7HeYm,https://www.kkbox.com/tw/en/album/Sse2Mh6j-Mm6dC5TQi,"https://i.kfs.io/album/global/291242870,0v1/fit/500x500.jpg",1774368000,false
2026-08-31,2026-06-14,2026-06-14,daily,taiwanese,newrelease,24,17,CscqTDnN3ZiY0w8_5C,粉紅轎影千里行-白沙屯拱天宮媽祖徒步聖行曲,,粉紅轎影千里行-白沙屯拱天宮媽祖徒步聖行曲,黃子宇,https://www.kkbox.com/tw/en/artist/StvdHF8RxUXeRf8Vs8,https://www.kkbox.com/tw/en/song/CscqTDnN3ZiY0w8_5C,https://www.kkbox.com/tw/en/album/PXZAvlLHQ7mryf1Es9,"https://i.kfs.io/album/global/292374611,0v1/fit/500x500.jpg",1775923200,false
2026-08-31,2026-06-14,2026-06-14,daily,taiwanese,newrelease,25,25,WoWVSg5j7FdqM2I4qM,心落雨,,心落雨,吳申梅 (Gigi Wu),https://www.kkbox.com/tw/en/artist/9ZNngzi6Jj_jLxY8r8,https://www.kkbox.com/tw/en/song/WoWVSg5j7FdqM2I4qM,https://www.kkbox.com/tw/en/album/DY5jcQk9I9ARWMSKUt,"https://i.kfs.io/album/global/294110665,0v1/fit/500x500.jpg",1780848000,false
2026-08-31,2026-06-14,2026-06-14,daily,taiwanese,newrelease,26,26,WqohtmpKTPWt4773hg,紀念品,,紀念品,吳雨璇 (Vanessa),https://www.kkbox.com/tw/en/artist/DXZvNyQF1asjEOUYdZ,https://www.kkbox.com/tw/en/song/WqohtmpKTPWt4773hg,https://www.kkbox.com/tw/en/album/OmhDKNkoP4HnAKjVYy,"https://i.kfs.io/album/global/291847732,0v1/fit/500x500.jpg",1775491200,false
2026-08-31,2026-06-14,2026-06-14,daily,taiwanese,newrelease,27,24,OoqQ6upq32AqZLRX0j,查埔人的喙 騙人的鬼,,看著光的日子,賴慧如,https://www.kkbox.com/tw/en/artist/4qbpO9uwBSuh3CG6gG,https://www.kkbox.com/tw/en/song/OoqQ6upq32AqZLRX0j,https://www.kkbox.com/tw/en/album/TZaLOeqfIu_YduWOuz,"https://i.kfs.io/album/global/291798486,0v1/fit/500x500.jpg",1775664000,false
2026-08-31,2026-06-14,2026-06-14,daily,taiwanese,newrelease,28,40,8t5EMiLTsnPsFjrSch,千里共明月,,前世我欠你,陳淑萍,https://www.kkbox.com/tw/en/artist/KtmWH9Jnpx6uiVKtBP,https://www.kkbox.com/tw/en/song/8t5EMiLTsnPsFjrSch,https://www.kkbox.com/tw/en/album/LZxxpzk-2Z7b1REiZl,"https://i.kfs.io/album/global/293569481,0v1/fit/500x500.jpg",1779206400,false
2026-08-31,2026-06-14,2026-06-14,daily,taiwanese,newrelease,29,29,WttMURVgoKRKW8muUA,慢開的花蕊,,尪仔物,許富凱 (Hsu FuKai),https://www.kkbox.com/tw/en/artist/_YFWFTP5N1J1tNGr8Y,https://www.kkbox.com/tw/en/song/WttMURVgoKRKW8muUA,https://www.kkbox.com/tw/en/album/5YmRfwtXsLpPzZLK7W,"https://i.kfs.io/album/global/292794990,0v4/fit/500x500.jpg",1777392000,false
2026-08-31,2026-06-14,2026-06-14,daily,taiwanese,newrelease,30,33,8pjTvRPr2c2elxXt1v,憑啥物,,紅桃姐姐,大芭 安苡葳,https://www.kkbox.com/tw/en/artist/HX2fJdKP8cmeGzLI6Q,https://www.kkbox.com/tw/en/song/8pjTvRPr2c2elxXt1v,https://www.kkbox.com/tw/en/album/GlIdAQQAs-18B512i-,"https://i.kfs.io/album/global/290964294,0v1/fit/500x500.jpg",1774454400,false
2026-08-31,2026-06-14,2026-06-14,daily,taiwanese,newrelease,31,27,HZr2p_dSEYKflElz0f,咱一定贏,,咱一定贏,林吟蔚,https://www.kkbox.com/tw/en/artist/KmTrs1GPD7TqXOrFFD,https://www.kkbox.com/tw/en/song/HZr2p_dSEYKflElz0f,https://www.kkbox.com/tw/en/album/Ske13e_6dNq4U0QhSZ,"https://i.kfs.io/album/global/291052465,0v2/fit/500x500.jpg",1773936000,false
2026-08-31,2026-06-14,2026-06-14,daily,taiwanese,newrelease,32,47,Pa1_lglqWKr81VJYfd,雷陣雨 - 三立 戲說台灣 片尾曲,,雷陣雨,陳思安,https://www.kkbox.com/tw/en/artist/_a8kylB6qG5HfJM7XZ,https://www.kkbox.com/tw/en/song/Pa1_lglqWKr81VJYfd,https://www.kkbox.com/tw/en/album/8puKcx88vmYiMIj0nD,"https://i.kfs.io/album/global/292657305,0v1/fit/500x500.jpg",1777392000,false
2026-08-31,2026-06-14,2026-06-14,daily,taiwanese,newrelease,33,28,8lB-uvkXvIvonT_0f0,愛你若阮生命 - 三立假日八點檔”百味人生”片尾曲,,大家來唱歌,洪榮宏 (Jung Hung),https://www.kkbox.com/tw/en/artist/WtDrbdUWvn57VPHwO1,https://www.kkbox.com/tw/en/song/8lB-uvkXvIvonT_0f0,https://www.kkbox.com/tw/en/album/XXxDa696EjhjDxbNVU,"https://i.kfs.io/album/global/292970694,0v2/fit/500x500.jpg",1777478400,false
2026-08-31,2026-06-14,2026-06-14,daily,taiwanese,newrelease,34,39,OsIuVc908UtsybHAEQ,今生緣未盡,,星伴月,鄔兆邦,https://www.kkbox.com/tw/en/artist/WkWGfRJSIxrixR0V57,https://www.kkbox.com/tw/en/song/OsIuVc908UtsybHAEQ,https://www.kkbox.com/tw/en/album/4mIahMBU2kVG4gBdpK,"https://i.kfs.io/album/global/291244443,0v1/fit/500x500.jpg",1774368000,false
2026-08-31,2026-06-14,2026-06-14,daily,taiwanese,newrelease,35,30,KpCKTzR0sGgkpj-Kui,執迷不悟,,九月初五,郭婷筠,https://www.kkbox.com/tw/en/artist/Csh6Hdo952obVOW_ln,https://www.kkbox.com/tw/en/song/KpCKTzR0sGgkpj-Kui,https://www.kkbox.com/tw/en/album/9-ejKmlymwqbIgmiPX,"https://i.kfs.io/album/global/292054331,0v1/fit/500x500.jpg",1776268800,false
2026-08-31,2026-06-14,2026-06-14,daily,taiwanese,newrelease,36,32,Ct1flAO1USEGZ917Ok,酒甕破,,看著光的日子,賴慧如,https://www.kkbox.com/tw/en/artist/4qbpO9uwBSuh3CG6gG,https://www.kkbox.com/tw/en/song/Ct1flAO1USEGZ917Ok,https://www.kkbox.com/tw/en/album/TZaLOeqfIu_YduWOuz,"https://i.kfs.io/album/global/291798486,0v1/fit/500x500.jpg",1775664000,false
2026-08-31,2026-06-14,2026-06-14,daily,taiwanese,newrelease,37,42,-mRitzszyaWqU79W5E,一杯茶(《臥龍好歲月》主題曲),,一杯茶(《臥龍好歲月》主題曲),蘇明淵 (Justin Su),https://www.kkbox.com/tw/en/artist/Kn8moxls2J54i0uema,https://www.kkbox.com/tw/en/song/-mRitzszyaWqU79W5E,https://www.kkbox.com/tw/en/album/GotP2FpdzZWl_9zCnt,"https://i.kfs.io/album/global/292471374,0v1/fit/500x500.jpg",1776614400,false
2026-08-31,2026-06-14,2026-06-14,daily,taiwanese,newrelease,38,35,KlbdQ3WYBZNAATXdWT,感情十字路 - 三立八點檔 百味人生 金曲片頭/ 三立 戲說台灣 片尾曲,,感情十字路,廖婉君,https://www.kkbox.com/tw/en/artist/5ZndJcd6-SSccIvqy0,https://www.kkbox.com/tw/en/song/KlbdQ3WYBZNAATXdWT,https://www.kkbox.com/tw/en/album/WqS7x694G8C8m9wKEz,"https://i.kfs.io/album/global/291241380,0v1/fit/500x500.jpg",1774368000,false
2026-08-31,2026-06-14,2026-06-14,daily,taiwanese,newrelease,39,46,8qZVtiaMYrrZMUh6Ct,菅芒花 - 三立七點檔”親家”片尾曲,,菅芒花,麗蓉,https://www.kkbox.com/tw/en/artist/Grpj1UYEMQFlNmd8uD,https://www.kkbox.com/tw/en/song/8qZVtiaMYrrZMUh6Ct,https://www.kkbox.com/tw/en/album/CpAJRwS0aw7YCuBze2,"https://i.kfs.io/album/global/291794058,0v2/fit/500x500.jpg",1774886400,false
2026-08-31,2026-06-14,2026-06-14,daily,taiwanese,newrelease,40,41,OqQfHGvPMMmVfhLeEH,人生人生人生,,九月初五,郭婷筠,https://www.kkbox.com/tw/en/artist/Csh6Hdo952obVOW_ln,https://www.kkbox.com/tw/en/song/OqQfHGvPMMmVfhLeEH,https://www.kkbox.com/tw/en/album/9-ejKmlymwqbIgmiPX,"https://i.kfs.io/album/global/292054331,0v1/fit/500x500.jpg",1776268800,false
2026-08-31,2026-06-14,2026-06-14,daily,taiwanese,newrelease,41,31,KmbDQ1VIR1boNXYJf9,有情人 佗一位 (台視八點檔《寶島西米樂》片頭曲),,有情人 佗一位,吳美琳,https://www.kkbox.com/tw/en/artist/HZ4mAP0DUOvYSAIVnN,https://www.kkbox.com/tw/en/song/KmbDQ1VIR1boNXYJf9,https://www.kkbox.com/tw/en/album/-lydtsYWp_79xYE4PD,"https://i.kfs.io/album/global/293694252,0v1/fit/500x500.jpg",1779897600,false
2026-08-31,2026-06-14,2026-06-14,daily,taiwanese,newrelease,42,36,Kl7RiNWYBZNADwpRUc,抾著槍,,新時代進香團,"新時代進香團, STACO, 謝青燁Eric, 宗訓Jon",https://www.kkbox.com/tw/en/artist/9ZJWANj6Jj_jLNoYC8,https://www.kkbox.com/tw/en/song/Kl7RiNWYBZNADwpRUc,https://www.kkbox.com/tw/en/album/OtZGQccREqbM9jCbEd,"https://i.kfs.io/album/global/294352617,0v1/fit/500x500.jpg",1780588800,false
2026-08-31,2026-06-14,2026-06-14,daily,taiwanese,newrelease,43,43,Kkt7qawD5hrtC2o2na,愛情若必巡 - 愛情若必巡vs.麗蓉,,大家來唱歌,洪榮宏 (Jung Hung),https://www.kkbox.com/tw/en/artist/WtDrbdUWvn57VPHwO1,https://www.kkbox.com/tw/en/song/Kkt7qawD5hrtC2o2na,https://www.kkbox.com/tw/en/album/XXxDa696EjhjDxbNVU,"https://i.kfs.io/album/global/292970694,0v2/fit/500x500.jpg",1777478400,false
2026-08-31,2026-06-14,2026-06-14,daily,taiwanese,newrelease,44,34,-k2S_MxDMveSamxnP7,愛的雙叉路,,看著光的日子,賴慧如,https://www.kkbox.com/tw/en/artist/4qbpO9uwBSuh3CG6gG,https://www.kkbox.com/tw/en/song/-k2S_MxDMveSamxnP7,https://www.kkbox.com/tw/en/album/TZaLOeqfIu_YduWOuz,"https://i.kfs.io/album/global/291798486,0v1/fit/500x500.jpg",1775664000,false
2026-08-31,2026-06-14,2026-06-14,daily,taiwanese,newrelease,45,38,8lPeuvkXvIvonmWiQd,等待的人,,大家來唱歌,洪榮宏 (Jung Hung),https://www.kkbox.com/tw/en/artist/WtDrbdUWvn57VPHwO1,https://www.kkbox.com/tw/en/song/8lPeuvkXvIvonmWiQd,https://www.kkbox.com/tw/en/album/XXxDa696EjhjDxbNVU,"https://i.kfs.io/album/global/292970694,0v2/fit/500x500.jpg",1777478400,false
2026-08-31,2026-06-14,2026-06-14,daily,taiwanese,newrelease,46,45,KsNKr0kHfpSTQHlt2G,咻碰,,尪仔物,許富凱 (Hsu FuKai),https://www.kkbox.com/tw/en/artist/_YFWFTP5N1J1tNGr8Y,https://www.kkbox.com/tw/en/song/KsNKr0kHfpSTQHlt2G,https://www.kkbox.com/tw/en/album/5YmRfwtXsLpPzZLK7W,"https://i.kfs.io/album/global/292794990,0v4/fit/500x500.jpg",1777392000,false
2026-08-31,2026-06-14,2026-06-14,daily,taiwanese,newrelease,47,50,Op-sw4bQzUmSYqPcEt,扮公伙仔,,尪仔物,許富凱 (Hsu FuKai),https://www.kkbox.com/tw/en/artist/_YFWFTP5N1J1tNGr8Y,https://www.kkbox.com/tw/en/song/Op-sw4bQzUmSYqPcEt,https://www.kkbox.com/tw/en/album/5YmRfwtXsLpPzZLK7W,"https://i.kfs.io/album/global/292794990,0v4/fit/500x500.jpg",1777392000,false
2026-08-31,2026-06-14,2026-06-14,daily,taiwanese,newrelease,48,55,8nWGOFu1Mjx8SpY0t9,心甘情願,,歌壇,張秀卿,https://www.kkbox.com/tw/en/artist/0mJ_kZdjA1bT4FIjCf,https://www.kkbox.com/tw/en/song/8nWGOFu1Mjx8SpY0t9,https://www.kkbox.com/tw/en/album/Sse2Mh6j-Mm6dC5TQi,"https://i.kfs.io/album/global/291242870,0v1/fit/500x500.jpg",1774368000,false
2026-08-31,2026-06-14,2026-06-14,daily,taiwanese,newrelease,49,60,8qVi2KaMYrrZPSoz6c,Chill All Night,,尪仔物,許富凱 (Hsu FuKai),https://www.kkbox.com/tw/en/artist/_YFWFTP5N1J1tNGr8Y,https://www.kkbox.com/tw/en/song/8qVi2KaMYrrZPSoz6c,https://www.kkbox.com/tw/en/album/5YmRfwtXsLpPzZLK7W,"https://i.kfs.io/album/global/292794990,0v4/fit/500x500.jpg",1777392000,false
2026-08-31,2026-06-14,2026-06-14,daily,taiwanese,newrelease,50,44,CmA7cZhltBWGpWRE4E,九月初五,,九月初五,郭婷筠,https://www.kkbox.com/tw/en/artist/Csh6Hdo952obVOW_ln,https://www.kkbox.com/tw/en/song/CmA7cZhltBWGpWRE4E,https://www.kkbox.com/tw/en/album/9-ejKmlymwqbIgmiPX,"https://i.kfs.io/album/global/292054331,0v1/fit/500x500.jpg",1776268800,false